text,voice,filename
"Testing. Testing. Welcome to the championship game, Stew Leonards. Tonight's starting lineup... is dead.",am_onyx,erik_001
"Attention, Stew Leonard High. Your undefeated team has taken the floor. Please give them a warm welcome. With your teeth.",am_onyx,erik_002
Next quarter! Same as the last one. You lose.,am_onyx,erik_003
"Remember the vote, boys? Unanimous. Well. So is this.",am_onyx,erik_004
Feeling slow? Heavy? That's what it's like without talent. Welcome to the bench.,am_onyx,erik_005
"Box out! Box out! Oh, you can't. I took that too.",am_onyx,erik_006
Number eight never missed a practice. Number eight never missed a free throw. Number eight got cut.,am_onyx,erik_007
Coach always said defense wins championships. Let's see some defense.,am_onyx,erik_008
The crowd came to see a game. They stayed to see dinner.,am_onyx,erik_009
"Full-court press! That's the whole student body, by the way.",am_onyx,erik_010
You voted me off a team. I voted you off the planet.,am_onyx,erik_011
Whoever keeps boarding up the windows: that's a technical foul.,am_onyx,erik_012
Undefeated season. Undefeated. Hold on to that. It's all you've got left.,am_onyx,erik_013
"Run the play, boys. Oh right. You don't remember the plays. I do.",am_onyx,erik_014
Round five. That's further than you got without me in the playoffs last year.,am_onyx,erik_015
Ten rounds? Huh. The Schnitz said six. Don't let it go to your heads.,am_onyx,erik_016
Fifteen. Okay. Okay. Overtime. I can do overtime.,am_onyx,erik_017
Twenty rounds. Do you people not have homework?,am_onyx,erik_018
Fine. I'm impressed. I hate that I'm impressed. I'd have played you more minutes.,am_onyx,erik_019
Thirty. The Schnitz is getting impatient. So am I.,am_onyx,erik_020
Timeout! Hydrate. Stretch. Think about who you cut.,am_onyx,erik_021
"Halftime. The band's dead, so I'll just talk.",am_onyx,erik_022
Nobody leave. The doors are chained. The season isn't over.,am_onyx,erik_023
"Gouda! Brie! Havarti! Dinner time! ...Not you, Stew Leonards. You ARE dinner.",am_onyx,erik_024
Have you met my dogs? The Schnitz threw them in. Signing bonus.,am_onyx,erik_025
Release the Cheddars!,am_onyx,erik_026
My babies! You'll pay for that. In blood. Or points. Blood.,am_onyx,erik_027
You know how long it took to house-train hellhounds? Two days. But still!,am_onyx,erik_028
Hey! Who threw the breakers? I liked it dark. The Schnitz likes it dark.,am_onyx,erik_029
Great. Now the whole school can watch you lose.,am_onyx,erik_030
Ha! My bobblehead! Number eight! The only one of me they ever made.,am_onyx,erik_031
The box is MY box. It goes where I say it goes.,am_onyx,erik_032
Aw. Did your little box run away? Like your free throw percentage.,am_onyx,erik_033
"Feeding the Mad Dog? That crate is booster club property! You can't just... okay, you can.",am_onyx,erik_034
Go Mad Dogs. I mean that sarcastically.,am_onyx,erik_035
Down goes a Stew Leonard! Somebody blow the whistle!,am_onyx,erik_036
Is that it? I've seen more hustle from the water boy. Actually the water boy's out there now. Say hi.,am_onyx,erik_037
Oh no. Oh no! Anyway.,am_onyx,erik_038
Of course you got back up. You always did love a comeback story.,am_onyx,erik_039
Back in the game? Fine. Sub him in.,am_onyx,erik_040
Hey! That was my front row!,am_onyx,erik_041
Do you know how hard it is to fill a gym for a championship?,am_onyx,erik_042
"I can hear you, you know. Every speaker in the school is mine.",am_onyx,erik_043
"Look up, boys. I've got the best seat in the house.",am_onyx,erik_044
The Schnitz says hi. The Schnitz doesn't really say hi. The Schnitz just... watches.,am_onyx,erik_045
"Fun fact: the bleachers hold four hundred. They used to, anyway.",am_onyx,erik_046
This message is brought to you by the Stew Leonard High booster club. Which is me now.,am_onyx,erik_047
"I kept my jersey, you know. Number eight. Still fits.",am_onyx,erik_048
The cows in the cafeteria are singing again. Don't go in there. Or do.,am_onyx,erik_049
"Somebody left the trophy case open. Oh wait, that was me. It's in pieces now. Like your season.",am_onyx,erik_050
No. No no no. Who found that tape? Turn it OFF. That was the WARM-UP tape. I was never allowed to pick a song!,am_onyx,erik_051
...Okay. That's still catchy. I hate that it's catchy.,am_onyx,erik_052
"And that's the buzzer! Final score: Erik, everything. Stew Leonards, nothing.",am_onyx,erik_053
Game over. Season over. Team... well. Look at you.,am_onyx,erik_054
That's the final whistle. Good game. No it wasn't.,am_onyx,erik_055
"One breaker? Cute. There are two, genius.",am_onyx,erik_056
Fine. Lights on. It won't help you find the trophy. I broke it into pieces. Beautiful pieces.,am_onyx,erik_057
Put that down. That's a championship trophy. You haven't WON it.,am_onyx,erik_058
"Collecting the pieces? Gluing the season back together? Sweet. Pointless, but sweet.",am_onyx,erik_059
No. Not the crate. Not under the floor. Who told you about the crate?,am_onyx,erik_060
"Stop feeding my statue! That's... that's not how... okay, that is how it works.",am_onyx,erik_061
Give that back. That's The Schnitz's coin. You have no idea what it's worth. It cost me EVERYTHING.,am_onyx,erik_062
Hey! Close that! Close it! Stop LOOKING at me!,am_onyx,erik_063
Fine. Look. Get a good look. This is what winning looks like.,am_onyx,erik_064
Those balls are mine now. You want your talent back? Stand in the circle. See how long you last.,am_onyx,erik_065
That was mine! I EARNED that! The Schnitz gave that to ME!,am_onyx,erik_066
Enjoy it while it lasts. It won't.,am_onyx,erik_067
"You want me? Come get me. Defenders, take the floor. Run the playbook.",am_onyx,erik_068
What are you doing with my speakers? Those are NOT regulation!,am_onyx,erik_069
No! No no no! The glass! The SCHNITZ PAID FOR THAT GLASS!,am_onyx,erik_070
Kearns! Kearns ugly. Kearns tomato foot. Kearns carrot farmer. I could do this all night. I WILL do this all night.,am_onyx,erik_071
"Kearns, buddy. With your luck, I didn't even need The Schnitz.",am_onyx,erik_072
"How's the iPad mini, Kearns? Oh, that's right. Ryan wants it back.",am_onyx,erik_073
"Say hi to Kearnita for me. Oh wait, she's smart. She didn't come.",am_onyx,erik_074
"Ryan. Mr. Strong Man. Not so strong without your little machine, are we?",am_onyx,erik_075
The Mad Dog. Ha. Who's the dog now? Sit. Stay. Die.,am_onyx,erik_076
"Thinking about Maisy dog, Ryan? She's going to miss you. Probably.",am_onyx,erik_077
"Still fighting over an iPad mini, Ryan? Grown man. Iconic.",am_onyx,erik_078
Pit! You're back! Just in time to leave again. Permanently.,am_onyx,erik_079
"Drop a diss track about THIS, Pit.",am_onyx,erik_080
Is that a horse noise? On my PA? In my gym?,am_onyx,erik_081
"Pit, you left once. You could do it again. Exits are... well. No. They're not.",am_onyx,erik_082
"Shut up, Lumpy.",am_onyx,erik_083
"Well well well, Rocco. I've been waiting all season to say that back to you.",am_onyx,erik_084
"Rocco, this isn't 2K. There's no restart button. Well. There is. It's called death.",am_onyx,erik_085
Lumpy. Nobody likes you. Even the zombies are only eating you to make it stop.,am_onyx,erik_086
Brian? Who let BRIAN in? He wasn't on the roster. He's not on any roster.,am_onyx,erik_087
Brian. Cool. Calm. Annoying. Stop looking so relaxed in MY gym.,am_onyx,erik_088
"The Schnitz says it doesn't know where you came from, Brian. That makes two of us.",am_onyx,erik_089
I know it's you. I'd know that sorry excuse for a pick-and-roll anywhere.,am_onyx,erik_090
"I took it back. The speed, the hops, the jumper, the D. Everything that made you the Stew Leonards. It's mine now.",am_onyx,erik_091
Unanimous. UNANIMOUS. Not one of you stood up. Not one.,am_onyx,erik_092
"It was the championship, and it was personal.",am_onyx,erik_093
Somebody who actually picked me. That's all you need to know.,am_onyx,erik_094
Look up. Center court. The Press Box. I've got the best seat in the house.,am_onyx,erik_095
Call it off? Tip-off was hours ago. You don't call off a championship.,am_onyx,erik_096
"Sure. Right after you fix the power, rebuild the trophy, and find a way through solid steel. Take your time. I've got forever. Literally. That was the deal.",am_onyx,erik_097
Stop pressing the button.,am_onyx,erik_098
This line is for emergencies.,am_onyx,erik_099
Timeout's over. Get back out there.,am_onyx,erik_100
Leave a message after the buzzer.,am_onyx,erik_101
"Ah, the whole team. On walkie-talkies. How adorable. Let's see how many of you are still talking by halftime.",am_onyx,erik_102
The Mad Dog. How fitting. A dog that does tricks for points. Just like this team.,am_onyx,erik_103
Say what? I haven't said anything yet. Oh wait. Yes I have. Hours of it.,am_onyx,erik_104
"Oh, a pep talk! Adorable. Defenders: take the floor.",am_onyx,erik_105
I can HEAR you. That's not even a rhyme.,am_onyx,erik_106
A vote? On what?,am_onyx,erik_107
The championship is TOMORROW.,am_onyx,erik_108
You'll regret this. Every one of you.,am_onyx,erik_109
Undefeated. Because of ME. And they cut me.,am_onyx,erik_110
I want them to lose everything. Their speed. Their jump. All of it.,am_onyx,erik_111
Take it.,am_onyx,erik_112
Ladies and gentlemen... your undefeated... Stew Leonards!,am_onyx,erik_113
...Not anymore.,am_onyx,erik_114
Let's see you win without your talent.,am_onyx,erik_115
Okay. Okay. My luck's gotta turn eventually.,am_puck,kearns_001
Here they come. Of course they're coming at me.,am_puck,kearns_002
Kearnita would've been out of here by now.,am_puck,kearns_003
Did that just... go RIGHT for me?,am_puck,kearns_004
"Somebody write that down. Kearns, good luck, one time.",am_puck,kearns_005
"That's for the iPad, you freaks.",am_puck,kearns_006
Up close and personal. Gross.,am_puck,kearns_007
I'm gonna need to wash this hand. Twice.,am_puck,kearns_008
Of course. OF COURSE it's me.,am_puck,kearns_009
Tell Kearnita... she can have my iPad mini.,am_puck,kearns_010
This is Ryan's fault somehow.,am_puck,kearns_011
Back up. Still unlucky. But up.,am_puck,kearns_012
Thanks. Don't tell Ryan.,am_puck,kearns_013
Out of ammo. Naturally.,am_puck,kearns_014
Click. CLICK. Why is it always me?,am_puck,kearns_015
They always go for me!,am_puck,kearns_016
Ow! My tomato foot!,am_puck,kearns_017
No way. Something went right for me.,am_puck,kearns_018
I'm keeping this. Forever. Like my iPad.,am_puck,kearns_019
Typical. The box hates me. Everything hates me.,am_puck,kearns_020
Erik's bobblehead. Of course I got Erik's bobblehead.,am_puck,kearns_021
Tastes like soup. Somehow that's on brand.,am_puck,kearns_022
Feeling lucky. Which is new.,am_puck,kearns_023
It upgraded. It actually worked. For me!,am_puck,kearns_024
Look at this thing. Kearnita's gonna be so jealous.,am_puck,kearns_025
Dogs. It had to be dogs.,am_puck,kearns_026
Why do they always smell like cheese?,am_puck,kearns_027
"Mr. Strong Man's down? Ha! ...wait, no, get up, we need you.",am_puck,kearns_028
Lumpy's down! Somebody... eventually... help him.,am_puck,kearns_029
"Pit, you can't sleep there!",am_puck,kearns_030
"Yeah yeah, strong man. Still owe me an iPad mini.",am_puck,kearns_031
It moved? That's usually my thing.,am_puck,kearns_032
Ryan got the good gun. Of course Ryan got the good gun.,am_puck,kearns_033
Is anybody else's walkie sticky? Mine's sticky.,am_puck,kearns_034
Kearns. I'm fine. Something already bit my shoe.,am_puck,kearns_035
Where have you BEEN? You just left!,am_puck,kearns_036
Lights are coming on. Something's going right. I don't trust it.,am_puck,kearns_037
"Speaking of. Weren't you suspended for a diss track, Pit?",am_puck,kearns_038
"It's a booster club crate, Ryan, not your machine.",am_puck,kearns_039
You GAVE me that iPad!,am_puck,kearns_040
Knowing my luck it's cursed.,am_puck,kearns_041
There he is. Erik. In the press box. Looking all smug.,am_puck,kearns_042
Please don't drop a track right now.,am_puck,kearns_043
"If I go down, Kearnita gets the iPad. Not Ryan.",am_puck,kearns_044
"Ryan, when we get out, I want it on the record. The iPad mini is mine.",am_puck,kearns_045
You SAID I could borrow it!,am_puck,kearns_046
"Shut up, Lumpy.",am_puck,kearns_047
"Kearnita texted me. Last week. She said 'don't go to the championship, it's gonna be weird.'",am_puck,kearns_048
She always calls it. She got ALL the luck in the family.,am_puck,kearns_049
"What, Rocco.",am_puck,kearns_050
I'm turning my walkie off.,am_puck,kearns_051
"My foot got stepped on, I got bit, I tripped twice. Twice, Ryan.",am_puck,kearns_052
That's not even a THING.,am_puck,kearns_053
Erik. We took a vote.,am_puck,kearns_054
Erik. Is that you? It's us.,am_puck,kearns_intercom_01
What did you do to us?,am_puck,kearns_intercom_02
"This is about getting cut, isn't it?",am_puck,kearns_intercom_03
"It wasn't personal, Erik.",am_puck,kearns_intercom_04
Who is The Schnitz?,am_puck,kearns_intercom_05
Where are you even hiding?,am_puck,kearns_intercom_06
"You could still call this off, you know.",am_puck,kearns_intercom_07
"We're getting out of here, Erik.",am_puck,kearns_intercom_08
Erik? Hello?,am_puck,kearns_intercom_09
Let's go. Mad Dog's hungry.,am_fenrir,ryan_001
"Maisy dog, daddy's coming home. After this.",am_fenrir,ryan_002
Line 'em up.,am_fenrir,ryan_003
Strong man! STRONG MAN!,am_fenrir,ryan_004
That's what a Mad Dog does.,am_fenrir,ryan_005
"Lift with your legs, boys.",am_fenrir,ryan_006
Hands on. Just how I like it.,am_fenrir,ryan_007
That's a Mad Dog bite.,am_fenrir,ryan_008
I'm down! Somebody get the strong man up!,am_fenrir,ryan_009
Can't... go out... like this. Maisy needs me.,am_fenrir,ryan_010
Ugh. That one hurt.,am_fenrir,ryan_011
Strong man's back.,am_fenrir,ryan_012
Can't keep a Mad Dog down.,am_fenrir,ryan_013
Empty! Gotta reload or punch something.,am_fenrir,ryan_014
Out! Who's got a mag?,am_fenrir,ryan_015
"Hit me harder, see what happens!",am_fenrir,ryan_016
That's gonna leave a mark.,am_fenrir,ryan_017
Now THAT'S a weapon.,am_fenrir,ryan_018
Strong gun for a strong man.,am_fenrir,ryan_019
Box ran away. Smart box.,am_fenrir,ryan_020
"Come back here, box!",am_fenrir,ryan_021
Mmm. Protein.,am_fenrir,ryan_022
Now we're cooking.,am_fenrir,ryan_023
That's MY machine. And that's MY upgrade.,am_fenrir,ryan_024
The Mad Dog made it mean. Like me.,am_fenrir,ryan_025
"Here, doggy doggy. Mad Dog wants to play.",am_fenrir,ryan_026
"No offense to Maisy, but these ones gotta go.",am_fenrir,ryan_027
"Get up, tomato foot! I'm not carrying you!",am_fenrir,ryan_028
"Shut up and get up, Lumpy.",am_fenrir,ryan_029
Brian's down?! Okay. Now I'm worried.,am_fenrir,ryan_030
Kearns did that? Somebody check if he's okay.,am_fenrir,ryan_031
The box ran from Kearns. Even the box knows.,am_fenrir,ryan_032
Kearns got something good? Write down the date.,am_fenrir,ryan_033
You're using MY machine. Be gentle with her.,am_fenrir,ryan_034
Everybody check in. Maisy's counting on me.,am_fenrir,ryan_035
Radio check. Ryan here. I'm in the locker room. Everybody sound off.,am_fenrir,ryan_036
"Shut up, tomato foot. Who else is on this channel?",am_fenrir,ryan_037
Unbelievable. Welcome back. Don't do the horse thing.,am_fenrir,ryan_038
"Brian?! You're HERE? Okay. Okay, we might actually make it.",am_fenrir,ryan_039
Good. Now I can see what I'm punching.,am_fenrir,ryan_040
Wait. Wait wait wait. That's MY machine. That's the MAD DOG. Who moved my machine?!,am_fenrir,ryan_041
"I AM the Mad Dog, Kearns. Just like that iPad mini is technically still mine.",am_fenrir,ryan_042
I LENT you that iPad.,am_fenrir,ryan_043
"It's literally a dark Schnitz coin, Kearns. It's definitely cursed.",am_fenrir,ryan_044
Erik! You come down here and say that to my face!,am_fenrir,ryan_045
"Shut up, Lumpy.",am_fenrir,ryan_046
I can feel it. Something's coming back.,am_fenrir,ryan_047
"This is it, boys. Championship game. For real this time.",am_fenrir,ryan_048
Dogs?! He's got DOGS? Maisy would never.,am_fenrir,ryan_049
"You took it out of my bag, Kearns.",am_fenrir,ryan_050
Two years ago.,am_fenrir,ryan_051
"Nobody wants to hear about 2K, Lumpy.",am_fenrir,ryan_052
Maisy dog's probably sitting by the door right now. Waiting.,am_fenrir,ryan_053
The best girl. I'm making it home to her. Whatever it takes.,am_fenrir,ryan_054
"Pit, no. That's literally how you got suspended.",am_fenrir,ryan_055
"That's 'cause you got tomato feet, Kearns.",am_fenrir,ryan_056
"I asked. I'm glad you're back, Pit.",am_fenrir,ryan_057
It's unanimous. You're off the team.,am_fenrir,ryan_058
Erik. Is that you? It's us.,am_fenrir,ryan_intercom_01
What did you do to us?,am_fenrir,ryan_intercom_02
"This is about getting cut, isn't it?",am_fenrir,ryan_intercom_03
"It wasn't personal, Erik.",am_fenrir,ryan_intercom_04
Who is The Schnitz?,am_fenrir,ryan_intercom_05
Where are you even hiding?,am_fenrir,ryan_intercom_06
"You could still call this off, you know.",am_fenrir,ryan_intercom_07
"We're getting out of here, Erik.",am_fenrir,ryan_intercom_08
Erik? Hello?,am_fenrir,ryan_intercom_09
Yeeeah. More of 'em. Cool. Cooool.,am_michael,pit_001
"Round again, man? Didn't we just... yeah okay.",am_michael,pit_002
(whinnies) ...sorry. Habit.,am_michael,pit_003
"Ohhh that was clean. That was so clean, man.",am_michael,pit_004
Pit with the triple. Pit with the... yeah.,am_michael,pit_005
Bars. That was bars.,am_michael,pit_006
"Stabby stab, mannn.",am_michael,pit_007
Got him. Got him good. I think.,am_michael,pit_008
Woah. Floor's comfy. Floor's real comfy.,am_michael,pit_009
Man down. Pit down. Same thing.,am_michael,pit_010
"Neighhh... no. No, I'm hurt.",am_michael,pit_011
"I'm up. I'm up, man. I'm... up.",am_michael,pit_012
"Thanks, bro. Love you, bro.",am_michael,pit_013
Gun's... empty? Gun's empty.,am_michael,pit_014
"Ran out of bars, man.",am_michael,pit_015
"Ow, man. Not cool.",am_michael,pit_016
Ouch. Ouch ouch.,am_michael,pit_017
"Ohhh, shiny. Shiny shiny.",am_michael,pit_018
"This one's got bars, man.",am_michael,pit_019
"Where'd the box go, man? Box? Boxxx?",am_michael,pit_020
Box ghosted me. Like I ghosted everybody.,am_michael,pit_021
Glug glug glug. Ahhh.,am_michael,pit_022
"Tastes like the old days, man.",am_michael,pit_023
"Doggy made it fancy, man.",am_michael,pit_024
Ohhh she's pretty now.,am_michael,pit_025
Puppies? Ohhh no. Bad puppies.,am_michael,pit_026
"Those aren't horses, man.",am_michael,pit_027
Kearns is down? Again? Mannn.,am_michael,pit_028
"Heard that from here, man. That was loud. That was bars.",am_michael,pit_029
(slow) ...is it a new round? It feels like a new round.,am_michael,pit_030
Heyyy... guys. It's Pit. ...Pit's here.,am_michael,pit_031
"Yeah, man. I needed some... time. To like... find myself. Found myself in the gym.",am_michael,pit_032
(whinnies softly),am_michael,pit_033
"Erik broke it, man. That's like... a diss track. But a trophy.",am_michael,pit_034
"That track went HARD, man. Principal didn't get it.",am_michael,pit_035
"Cow's got a coin in its mouth, man. That's a rich cow.",am_michael,pit_036
"My flow's back, man. I could drop a track right now.",am_michael,pit_037
"Let's run it, man. Like old times. Before I... you know. Left.",am_michael,pit_038
"I'm more of a horse guy, man.",am_michael,pit_039
"Maisy's a good girl, man.",am_michael,pit_040
Yo. I been working on a verse. About Erik.,am_michael,pit_041
(slowly) Number eight... couldn't make the team... sold his soul... to a guy named... Schnitz... man.,am_michael,pit_042
"Where'd I go, you ask? I was... around, man. Saw some horses. Thought about stuff.",am_michael,pit_043
"(soft neigh) ...thanks, man.",am_michael,pit_044
Erik. Is that you? It's us.,am_michael,pit_intercom_01
What did you do to us?,am_michael,pit_intercom_02
"This is about getting cut, isn't it?",am_michael,pit_intercom_03
"It wasn't personal, Erik.",am_michael,pit_intercom_04
Who is The Schnitz?,am_michael,pit_intercom_05
Where are you even hiding?,am_michael,pit_intercom_06
"You could still call this off, you know.",am_michael,pit_intercom_07
"We're getting out of here, Erik.",am_michael,pit_intercom_08
Erik? Hello?,am_michael,pit_intercom_09
Well well well. Look who's back.,am_liam,rocco_001
This is like 2K on legend difficulty. I love it.,am_liam,rocco_002
"Bring it, ugly. Not you, Kearns. Them.",am_liam,rocco_003
Well well WELL!,am_liam,rocco_004
That's a highlight. Put it on the 2K cover.,am_liam,rocco_005
Did everybody see that? Nobody saw that.,am_liam,rocco_006
"Shank city, baby.",am_liam,rocco_007
"Little guy, big knife.",am_liam,rocco_008
Lumpy's down! I mean Rocco! Rocco's down!,am_liam,rocco_009
This is so not fair.,am_liam,rocco_010
"Somebody pick me up, I'm small, I'm light!",am_liam,rocco_011
Well well well. Look who's alive.,am_liam,rocco_012
Respawned. Like 2K.,am_liam,rocco_013
Click click click. That's not good.,am_liam,rocco_014
Out! Out out out!,am_liam,rocco_015
Hey! Pick on someone your own size!,am_liam,rocco_016
Ow! Lumpy got hit!,am_liam,rocco_017
Well well well. Look what Lumpy pulled.,am_liam,rocco_018
Legendary pull. Like a 2K pack.,am_liam,rocco_019
Rigged. Totally rigged.,am_liam,rocco_020
That's what happens in 2K too. Rigged.,am_liam,rocco_021
Spicy! Lumpy likes it spicy.,am_liam,rocco_022
Well well well. That's the good stuff.,am_liam,rocco_023
Well well well. That's a cheat code.,am_liam,rocco_024
Ninety-nine overall. This gun's a ninety-nine.,am_liam,rocco_025
Well well well. Cheese dogs.,am_liam,rocco_026
"Sit! ...nope, they don't sit.",am_liam,rocco_027
Kearns ugly went down. Classic.,am_liam,rocco_028
Well well well. The Mad Dog got put down.,am_liam,rocco_029
Pit's horsin' around on the floor again.,am_liam,rocco_030
"Was that you? Whoever that was, well well well.",am_liam,rocco_031
Worst luck in the building. Carrot farmer strikes again.,am_liam,rocco_032
What'd you get? Gimme. I'll trade you my 2K account.,am_liam,rocco_033
Ryan's petting the machine again.,am_liam,rocco_034
"Well well well. Round's starting, ladies.",am_liam,rocco_035
Well well well. Rocco. Cafeteria. The cow statues are singing. I hate it here.,am_liam,rocco_036
PIT?! Pit's back?!,am_liam,rocco_037
Can somebody turn the cow statues OFF? They're still singing.,am_liam,rocco_038
Is that the championship trophy? In PIECES? We didn't even play yet!,am_liam,rocco_039
Well well well. Somebody's crate got relocated.,am_liam,rocco_040
The cow's eyes are glowing. Why are the cow's eyes glowing?,am_liam,rocco_041
"Shut up, Erik. Only I get to be annoying on this team.",am_liam,rocco_042
Well well well. Lumpy's got his jumper back.,am_liam,rocco_043
Well well well. Final quarter. Let's cook this guy.,am_liam,rocco_044
These dogs smell like a cheese plate.,am_liam,rocco_045
You know what this is like? 2K. On legend. With no timeouts.,am_liam,rocco_046
Everybody wants to hear about 2K.,am_liam,rocco_047
Your sister called it?,am_liam,rocco_048
Hey Kearns. Hey. Kearns. Hey.,am_liam,rocco_049
Well well well.,am_liam,rocco_050
Carrot farmer's got tomato feet. Big garden over there.,am_liam,rocco_051
Nobody asked.,am_liam,rocco_052
Well well well... guess you'll be watching it.,am_liam,rocco_053
Erik. Is that you? It's us.,am_liam,rocco_intercom_01
What did you do to us?,am_liam,rocco_intercom_02
"This is about getting cut, isn't it?",am_liam,rocco_intercom_03
"It wasn't personal, Erik.",am_liam,rocco_intercom_04
Who is The Schnitz?,am_liam,rocco_intercom_05
Where are you even hiding?,am_liam,rocco_intercom_06
"You could still call this off, you know.",am_liam,rocco_intercom_07
"We're getting out of here, Erik.",am_liam,rocco_intercom_08
Erik? Hello?,am_liam,rocco_intercom_09
Next.,am_adam,brian_001
Stay behind me.,am_adam,brian_002
Good. I was getting bored.,am_adam,brian_003
Clean.,am_adam,brian_004
Too easy.,am_adam,brian_005
Quiet way.,am_adam,brian_006
No ammo needed.,am_adam,brian_007
Just a scratch. Get me up.,am_adam,brian_008
Not like this.,am_adam,brian_009
Appreciated.,am_adam,brian_010
Back in.,am_adam,brian_011
Empty.,am_adam,brian_012
Switching.,am_adam,brian_013
Getting close.,am_adam,brian_014
Back off.,am_adam,brian_015
This'll do.,am_adam,brian_016
Nice.,am_adam,brian_017
Fine. We'll find it.,am_adam,brian_018
Better.,am_adam,brian_019
Ready.,am_adam,brian_020
That's more like it.,am_adam,brian_021
Dogs. Aim low.,am_adam,brian_022
Watch the corners.,am_adam,brian_023
Brian. I'm in the gym. Don't ask how.,am_adam,brian_024
You guys coming?,am_adam,brian_025
Erik. Is that you? It's us.,am_adam,brian_intercom_01
What did you do to us?,am_adam,brian_intercom_02
"This is about getting cut, isn't it?",am_adam,brian_intercom_03
"It wasn't personal, Erik.",am_adam,brian_intercom_04
Who is The Schnitz?,am_adam,brian_intercom_05
Where are you even hiding?,am_adam,brian_intercom_06
"You could still call this off, you know.",am_adam,brian_intercom_07
"We're getting out of here, Erik.",am_adam,brian_intercom_08
Erik? Hello?,am_adam,brian_intercom_09
This season isn't over yet.,bm_george,schnitz_001
You want them to lose.,bm_george,schnitz_002
"Talent has a price, Number Eight.",bm_george,schnitz_003
Wanna play 2K?,am_echo,cheddar_001
